{
	"welcomeFile": "/webapp/index.html",
	"routes": [{
		"path": "/resources",
		"target": {
			"type": "service",
			"name": "sapui5",
			"entryPath": "/resources",
			"version": "1.84.1"
		},
		"description": "SAPUI5 Resources"
	}, {
		"path": "/test-resources",
		"target": {
			"type": "service",
			"name": "sapui5",
			"entryPath": "/test-resources",
			"version": "1.84.1"
		},
		"description": "SAPUI5 Resources"
	}, {
		"path": "/webapp/resources",
		"target": {
			"type": "service",
			"name": "sapui5",
			"entryPath": "/resources",
			"version": "1.84.1"
		},
		"description": "SAPUI5 Resources"
	}, {
		"path": "/webapp/test-resources",
		"target": {
			"type": "service",
			"name": "sapui5",
			"entryPath": "/test-resources",
			"version": "1.84.1"
		},
		"description": "SAPUI5 Test Resources"
	}, {
		"path": "/sap/bc/lrep",
		"target": {
			"type": "destination",
			"name": "GW_SBX",
			"entryPath": "/sap/bc/lrep"
		},
		"description": "GW_SBX"
	}, {
		"path": "/sap/opu/odata",
		"target": {
			"type": "destination",
			"name": "GW_SBX",
			"entryPath": "/sap/opu/odata"
		},
		"description": "GW_SBX"
	}],
	"sendWelcomeFileRedirect": true,
	"securityConstraints": [{
		"permission": "accessUserData",
		"description": "Access User Data",
		"protectedPaths": [
			"/"
		],
		"excludedPaths": [
			"/logout/**"
		]
	}, {
		"permission": "AccessApplicationDescriptor",
		"description": "Access application descriptor",
		"protectedPaths": [
			"/neo-app.json"
		]
	}]

}