<?xml version="1.0" encoding="utf-8"?>
<edmx:Edmx Version="1.0" xmlns:edmx="http://schemas.microsoft.com/ado/2007/06/edmx"
	xmlns:m="http://schemas.microsoft.com/ado/2007/08/dataservices/metadata" xmlns:sap="http://www.sap.com/Protocols/SAPData">
	<edmx:DataServices m:DataServiceVersion="2.0">
		<Schema Namespace="ZHR_ODATA_PAMREP_SRV" xml:lang="en" sap:schema-version="1" xmlns="http://schemas.microsoft.com/ado/2008/09/edm"><Annotation Term="Core.SchemaVersion" String="1.0.0" xmlns="http://docs.oasis-open.org/odata/ns/edm"/>
			<EntityType Name="MATRIX" sap:content-version="1">
				<Key><PropertyRef Name="OrgKey"/><PropertyRef Name="Field1"/></Key><Property Name="OrgKey" Type="Edm.String" Nullable="false" MaxLength="4" sap:unicode="false" sap:label="Org.key" sap:creatable="false"
					sap:updatable="false" sap:sortable="false" sap:filterable="false"/><Property Name="Field1" Type="Edm.String" Nullable="false" MaxLength="30" sap:unicode="false" sap:label="Text" sap:creatable="false"
					sap:updatable="false" sap:sortable="false" sap:filterable="false"/><Property Name="Field2" Type="Edm.String" Nullable="false" MaxLength="30" sap:unicode="false" sap:label="Text" sap:creatable="false"
					sap:updatable="false" sap:sortable="false" sap:filterable="false"/><Property Name="Field3" Type="Edm.String" Nullable="false" MaxLength="30" sap:unicode="false" sap:label="Text" sap:creatable="false"
					sap:updatable="false" sap:sortable="false" sap:filterable="false"/><Property Name="Field4" Type="Edm.String" Nullable="false" MaxLength="30" sap:unicode="false" sap:label="Text" sap:creatable="false"
					sap:updatable="false" sap:sortable="false" sap:filterable="false"/><Property Name="Field5" Type="Edm.String" Nullable="false" MaxLength="30" sap:unicode="false" sap:label="Text" sap:creatable="false"
					sap:updatable="false" sap:sortable="false" sap:filterable="false"/><Property Name="Field6" Type="Edm.String" Nullable="false" MaxLength="30" sap:unicode="false" sap:label="Text" sap:creatable="false"
					sap:updatable="false" sap:sortable="false" sap:filterable="false"/><Property Name="Field7" Type="Edm.String" Nullable="false" MaxLength="30" sap:unicode="false" sap:label="Text" sap:creatable="false"
					sap:updatable="false" sap:sortable="false" sap:filterable="false"/><Property Name="Field8" Type="Edm.String" Nullable="false" MaxLength="30" sap:unicode="false" sap:label="Text" sap:creatable="false"
					sap:updatable="false" sap:sortable="false" sap:filterable="false"/><Property Name="Field9" Type="Edm.String" Nullable="false" MaxLength="30" sap:unicode="false" sap:label="Text" sap:creatable="false"
					sap:updatable="false" sap:sortable="false" sap:filterable="false"/><Property Name="Field10" Type="Edm.String" Nullable="false" MaxLength="30" sap:unicode="false" sap:label="Text" sap:creatable="false"
					sap:updatable="false" sap:sortable="false" sap:filterable="false"/><Property Name="Field11" Type="Edm.String" Nullable="false" MaxLength="30" sap:unicode="false" sap:label="Text" sap:creatable="false"
					sap:updatable="false" sap:sortable="false" sap:filterable="false"/><Property Name="Field12" Type="Edm.String" Nullable="false" MaxLength="30" sap:unicode="false" sap:label="Text" sap:creatable="false"
					sap:updatable="false" sap:sortable="false" sap:filterable="false"/><Property Name="Field13" Type="Edm.String" Nullable="false" MaxLength="30" sap:unicode="false" sap:label="Text" sap:creatable="false"
					sap:updatable="false" sap:sortable="false" sap:filterable="false"/><Property Name="Field14" Type="Edm.String" Nullable="false" MaxLength="30" sap:unicode="false" sap:label="Text" sap:creatable="false"
					sap:updatable="false" sap:sortable="false" sap:filterable="false"/><Property Name="Field15" Type="Edm.String" Nullable="false" MaxLength="30" sap:unicode="false" sap:label="Text" sap:creatable="false"
					sap:updatable="false" sap:sortable="false" sap:filterable="false"/><Property Name="Field16" Type="Edm.String" Nullable="false" MaxLength="30" sap:unicode="false" sap:label="Text" sap:creatable="false"
					sap:updatable="false" sap:sortable="false" sap:filterable="false"/><Property Name="Field17" Type="Edm.String" Nullable="false" MaxLength="30" sap:unicode="false" sap:label="Text" sap:creatable="false"
					sap:updatable="false" sap:sortable="false" sap:filterable="false"/><Property Name="Field18" Type="Edm.String" Nullable="false" MaxLength="30" sap:unicode="false" sap:label="Text" sap:creatable="false"
					sap:updatable="false" sap:sortable="false" sap:filterable="false"/><Property Name="Field19" Type="Edm.String" Nullable="false" MaxLength="30" sap:unicode="false" sap:label="Text" sap:creatable="false"
					sap:updatable="false" sap:sortable="false" sap:filterable="false"/><Property Name="Field20" Type="Edm.String" Nullable="false" MaxLength="30" sap:unicode="false" sap:label="Text" sap:creatable="false"
					sap:updatable="false" sap:sortable="false" sap:filterable="false"/></EntityType>
			<EntityType Name="CountryList" sap:content-version="1">
				<Key><PropertyRef Name="OrgKey"/></Key><Property Name="OrgKey" Type="Edm.String" Nullable="false" MaxLength="14" sap:unicode="false" sap:label="Org.key" sap:creatable="false"
					sap:updatable="false" sap:sortable="false" sap:filterable="false"/></EntityType>
			<EntityType Name="OrgList" sap:content-version="1">
				<Key><PropertyRef Name="OrgKey"/></Key><Property Name="OrgKey" Type="Edm.String" Nullable="false" MaxLength="14" sap:unicode="false" sap:label="Org.key" sap:creatable="false"
					sap:updatable="false" sap:sortable="false" sap:filterable="false"/><Property Name="Text" Type="Edm.String" Nullable="false" MaxLength="40" sap:unicode="false" sap:label="Name of organizational element"
					sap:creatable="false" sap:updatable="false" sap:sortable="false" sap:filterable="false"/><Property Name="DefaultOrgKey" Type="Edm.String" Nullable="false" MaxLength="1" sap:unicode="false" sap:label="Default OrgKey"
					sap:creatable="false" sap:updatable="false" sap:sortable="false" sap:filterable="false"/></EntityType>
			<EntityContainer Name="ZHR_ODATA_PAMREP_SRV_Entities" m:IsDefaultEntityContainer="true" sap:supported-formats="atom json xlsx"><EntitySet Name="MATRIXSet" EntityType="ZHR_ODATA_PAMREP_SRV.MATRIX" sap:creatable="false" sap:updatable="false" sap:deletable="false"
				sap:pageable="false" sap:content-version="1"/><EntitySet Name="CountryListSet" EntityType="ZHR_ODATA_PAMREP_SRV.CountryList" sap:creatable="false" sap:updatable="false"
				sap:deletable="false" sap:pageable="false" sap:content-version="1"/><EntitySet Name="OrgListSet" EntityType="ZHR_ODATA_PAMREP_SRV.OrgList" sap:creatable="false" sap:updatable="false" sap:deletable="false"
				sap:pageable="false" sap:content-version="1"/></EntityContainer><atom:link rel="self" href="https://myfiorisbx.pd.com:443/sap/opu/odata/sap/ZHR_ODATA_PAMREP_SRV/$metadata"
				xmlns:atom="http://www.w3.org/2005/Atom"/><atom:link rel="latest-version" href="https://myfiorisbx.pd.com:443/sap/opu/odata/sap/ZHR_ODATA_PAMREP_SRV/$metadata"
				xmlns:atom="http://www.w3.org/2005/Atom"/></Schema>
	</edmx:DataServices>
</edmx:Edmx>